{"stat.walkOneCm":532299,"stat.useItem.autogen.OpenComputers:item":24,"stat.leaveGame":3,"stat.useItem.autogen.appliedenergistics2:tile.BlockController":1,"stat.useItem.autogen.ae2fc:fluid_discretizer":1,"stat.useItem.autogen.appliedenergistics2:tile.BlockCreativeEnergyCell":4,"stat.ae2.ItemsInserted":90,"stat.useItem.autogen.gregtech:gt.blockcasings9":1,"stat.jump":213,"stat.useItem.autogen.appliedenergistics2:tile.BlockCraftingStorage":2,"stat.ae2.ItemsExtracted":71,"stat.useItem.autogen.ae2stuff:Encoder":3,"achievement.exploreAllBiomes":{"value":0,"progress":["Plains"]},"stat.useItem.autogen.bartworks:BW_GlasBlocks2":3,"stat.useItem.autogen.ae2fc:part_fluid_storage_bus":1,"achievement.openInventory":129,"stat.useItem.autogen.OpenComputers:rack":2,"stat.useItem.autogen.OpenComputers:cable":224,"serverutilities.stat.time_afk":33867,"stat.useItem.autogen.appliedenergistics2:item.ItemMultiPart":24,"stat.useItem.autogen.appliedenergistics2:tile.BlockChest":3,"stat.useItem.54":1,"stat.flyOneCm":933157,"stat.useItem.autogen.OpenComputers:screen3":6,"stat.drop":1,"stat.useItem.autogen.gregtech:gt.blockcasings10":1,"stat.playOneMinute":1475993,"stat.useItem.autogen.appliedenergistics2:tile.BlockCellWorkbench":1,"stat.useItem.3":50,"stat.useItem.autogen.appliedenergistics2:tile.BlockInterface":2,"stat.useItem.autogen.OpenComputers:adapter":9,"stat.useItem.autogen.gregtech:gt.blockmachines":89,"stat.useItem.autogen.miscutils:blockInfiniteFluidTank":27,"stat.useItem.autogen.OpenComputers:transposer":11,"stat.useItem.autogen.OpenComputers:keyboard":2,"achievement.ae2.Networking1":1}